team_control_num,title,year,problem_type,link
55069,The Rehabilitation of the Kariba Dam,2017,A,https://drive.google.com/file/d/1CswlTQK-WiHY7BLlAj45RiZTRrQRObU8/view?usp=sharing
55280,iMoDs: A Treatment to the Kariba Dam,2017,A,https://drive.google.com/file/d/17WwyRIJFfpWDuw1XMjZlqdy_GDMgbOsp/view?usp=sharing
65448,A Multi-Dam System for Zambezi River,2017,A,https://drive.google.com/file/d/1OENNE4I4HF2troq7ko3TBe4LyPU5ooww/view?usp=sharing
66500,Joint Force in Managing Zambezi River,2017,A,https://drive.google.com/file/d/1R7I8Ygqcp7gfHXC7OaAWvAwKEzUkkLez/view?usp=sharing
56731,A New Type of Toll Plaza Based on Bionics-Honeycomb,2017,B,https://drive.google.com/file/d/1mFnk3xVyY1idPevbqk8dyUgHN9P8TDgG/view?usp=sharing
68303,Merge Better After Toll,2017,B,https://drive.google.com/file/d/1UkmtyiO4bRRH98GOwECiLM76WThwcSSF/view?usp=sharing
69427,Optimal Design of Toll Plaza Based on Minimum Risk Maximum Flow,2017,B,https://drive.google.com/file/d/1poLhwEQLbcCJorBaPOaaCJHHYGVMe2Qq/view?usp=sharing
70174,An Agent-Based Model for Developing and Evaluating Efficient Toll Plaza Designs,2017,B,https://drive.google.com/file/d/1KF32R0jtgUZ21nL8IOggX9Rn9YgEov_s/view?usp=sharing
70545,Control Time Model: Wait One Second and Start Your Journey,2017,B,https://drive.google.com/file/d/1N5pHE37IB-whGVcqEgmnHsWcMNuEgn0p/view?usp=sharing
55261,Driving Towards the Future: Modeling the Impact of Driverless Vehicles on Traffic Patterns,2017,C,https://drive.google.com/file/d/1WBPqMk96jMkUj___1HAeeWtPa-flW7mh/view?usp=sharing
55278,The Effects of Self-Driving Cooperating Vehicles on Traffic Capacity of Highways,2017,C,https://drive.google.com/file/d/1uSlh-nFuTKcucLaN-hMQiLG8_OLYQzjC/view?usp=sharing
55583,Self-driving vehicle's prospect in traffic network,2017,C,https://drive.google.com/file/d/1qItxvZJTaRjKkF94TZgr9NHzPMPMUgL5/view?usp=sharing
55585,Highway Traffic Flow Model with Self-Driving Vehicles Based on Cellular Automata,2017,C,https://drive.google.com/file/d/1Jj7daOOcwo7ZRdThxN4J15tKINSFgI1x/view?usp=sharing
55285,Analysis and Optimization to the Process of Airport Security Check,2017,D,https://drive.google.com/file/d/1bdlsuIoISbqURCDn0dmFs0tX_Mhd57Kc/view?usp=drive_link
55295,Breezing Through Security Checkpoints: an Intelligent Airport with Smart Scheduling,2017,D,https://drive.google.com/file/d/1dpTKPZAJeuz5VH5kDYFnA7td2pVJXeQp/view?usp=sharing
56632,Reducing Wait Times at Airport Security,2017,D,https://drive.google.com/file/d/1uD9CnrmoKr0njYGn4Y478rv5oyyxj6xd/view?usp=drive_link
67316,Time Counts! Less Waiting & Better Airports,2017,D,https://drive.google.com/file/d/1eah6YCdxp5BK7WTVMawUd8iFOJsN3bN1/view?usp=sharing
68942,Optimizing Passenger Throughput at an Airport Security Checkpoint,2017,D,https://drive.google.com/file/d/1pv6ISYJ3J3buLz_xjzMEig4xwPl2NvWR/view?usp=sharing
61502,A Tale of Two Smart Cities: Development of a Smart Growth Index,2017,E,https://drive.google.com/file/d/1cB0dDpLpDPWx13VJDxS4YndZN0IcD62g/view?usp=drive_link
65123,Smart Growth Theories in City Design,2017,E,https://drive.google.com/file/d/1EgIzCfj7APSCqfwiOg3TgOQwNashbeTj/view?usp=drive_link
67171,,2017,E,https://drive.google.com/file/d/1AAcO7V-rB7eWdKnrF9I7GUfW28Q7v276/view?usp=drive_link
68242,Towards A Sustainable City,2017,E,https://drive.google.com/file/d/1fM5AIkVRdFwusIVaohIaIv1YhUiE1Qm2/view?usp=drive_link
71672,"Sustainable Cities Needed!: Applying Smart Growth Principles in Boulder, CO, USA and Canberra, ACT, AUS",2017,E,https://drive.google.com/file/d/1ZQI2HM4bQcs62MjA3cP4mu2aGG-O4PMG/view?usp=drive_link
64486,"Society Planning: Model, Simulation And Visualization",2017,F,https://drive.google.com/file/d/1SGrZHQckjGzuBmX5TDABxa99V1_2W7Ni/view?usp=drive_link
68940,,2017,F,https://drive.google.com/file/d/1SZPbolLexTGgJijwefcRx635-NNMxs2g/view?usp=drive_link
72197,,2017,F,https://drive.google.com/file/d/1RwXk2WxUrcCXt0fTZ7E6j7my8etlMcOO/view?usp=drive_link
72283,A Brave New World: A Quantitative Model of A Self-Sufficient Martian Society,2017,F,https://drive.google.com/file/d/1cgzK4_uyue8PXRy5qQkRFIp9cJKwU8wm/view?usp=drive_link
76082,HF Radio Propagation under Different Terrains,2018,A,https://drive.google.com/file/d/1ALAgzfYOYrVhEsKQt2BFYPBLH-jxLJJF/view?usp=sharing
76271,Wave Goodbye to Poor Reception,2018,A,https://drive.google.com/file/d/1bIo-2tNkY0yMS39w2n0WnWm8A2ml5Rj_/view?usp=sharing
77845,MHPM and MSRSM: Simulation and Modeling of Multi-hop HF Radio Propagation,2018,A,https://drive.google.com/file/d/11LSHLpu0Ft_bg0hMIVdYfCdw9D3yHjCz/view?usp=sharing
86103,Simulation Analysis of Multi-hop HF Radio,2018,A,https://drive.google.com/file/d/13D1p4C8d-IFZ0RPkvHA9LFyXPvSEJFN7/view?usp=sharing
88255,,2018,A,https://drive.google.com/file/d/1lmP_b25wEYLVit6GETLRv4pYb9AyPFp8/view?usp=sharing
73410,Language Population Projection and Location Optimizaion Model Based on Inhomogeneous Transition Matrix and Simulated Annealing Algorithm,2018,B,https://drive.google.com/file/d/1YTlOtVEAE44X5S_OWZjUWS9JLMiRlTTV/view?usp=sharing
74316,,2018,B,https://drive.google.com/file/d/1n1Eo7I7PxM14vV6OFeds0S81S0wL2UaM/view?usp=sharing
77238,,2018,B,https://drive.google.com/file/d/19K9cq3UuigNoMOIG0LHfijqcSeXZk6rT/view?usp=sharing
79002,How many languages?,2018,B,https://drive.google.com/file/d/1Rd4CrVkQMJAgd-u6RoMtOIurjio8cjkL/view?usp=sharing
91566,Forecasting the Language Distribution,2018,B,https://drive.google.com/file/d/1jXf38afiyXavmX8vzA3djcOya5ezWvtg/view?usp=sharing
72969,"CAFE: Characterization, Analysis, Forecasting, and Evaluation of Energy Profile",2018,C,https://drive.google.com/file/d/10wJuU15pIH47S03H7lktcAprijuCCJAQ/view?usp=sharing
73767,A Setting System of Interstate Energy Cooperation Goals Based on Data Insight,2018,C,https://drive.google.com/file/d/1cTESCe5mw0lkEpHE5wqnBVr-fq04efog/view?usp=sharing
78577,Sustainable Energy Assessment,2018,C,https://drive.google.com/file/d/1BFmrJxnBHsWL3E3N3-9Oza4qj2kdZLe6/view?usp=sharing
80560,A New Keynesian Approach to Optimizing Energy Compact,2018,C,https://drive.google.com/file/d/1qCzPeNWtbxRpk2zvquH8gV1B9ddMvipZ/view?usp=sharing
82150,,2018,C,https://drive.google.com/file/d/1Qldasxu7QCA5hWu9By17NTo58DDCIlLW/view?usp=sharing
73156,Construct all-electric network,2018,D,https://drive.google.com/file/d/1nsyMwey3moWDNB6LDxYEVs_05zq09-OV/view?usp=sharing
78826,A Design of Elecomb,2018,D,https://drive.google.com/file/d/1zPePzcDSfaqVvmt-z_SbfVluQ4It8EuO/view?usp=sharing
80386,,2018,D,https://drive.google.com/file/d/1M98Zpfq_9H4Vd4rixEEEyKpwXu5AU2Yv/view?usp=sharing
81402,"Forecast, Blueprint, Strategy, for EV's Future",2018,D,https://drive.google.com/file/d/12BJ6y-71QWHYTOtWcRqdrdRfUFuEr9Hf/view?usp=sharing
82504,Design of Charging Network,2018,D,https://drive.google.com/file/d/1D7lo1ySNQrYTvadkvHn6NNQ9aYu6QGDe/view?usp=sharing
82794,How to achieve the full adoption of all-electric vehicles,2018,D,https://drive.google.com/file/d/1oa-NuQQQhWAf0ezeJ1ln1lyYybvW5VIR/view?usp=sharing
72968,SPEC: A Climate-based Fragility Model,2018,E,https://drive.google.com/file/d/1UWekm2k468wbxQYUntsENYpGTGTXcoky/view?usp=sharing
73119,,2018,E,https://drive.google.com/file/d/12Q7VI0zjHabS-e68yj7yqRmEc7qPtSVh/view?usp=sharing
74971,Climate counts! Less Fragility & better Countries,2018,E,https://drive.google.com/file/d/1KG31bvN_jJN38RIpuFdnvPWXqcr_QMB7/view?usp=sharing
78511,How Will Climate Change Affect Fragility,2018,E,https://drive.google.com/file/d/1IXMp4c65khZebI4lOWtKCMkNgFVy1Xa_/view?usp=sharing
88902,A Probabilistic Model of the Relationships between Countries and Climate Change,2018,E,https://drive.google.com/file/d/1WkhEI0AzmE7v25Y0oWtfqZwHEI6Lczce/view?usp=sharing
89499,An Evaluation Model of State Fragility related to Climate Change Based on the PSR Model and Entropy Weight Method,2018,E,https://drive.google.com/file/d/14zSNLKs_KPdDK9P5ccqHXsnP10PHa04q/view?usp=sharing
93840,,2018,E,https://drive.google.com/file/d/1-ZOkNmcGGjkZYpYaqcira0KZbkhNDAM8/view?usp=sharing
83744,Private Information Pricing System Based on Game Theory and Graph Theory,2018,F,https://drive.google.com/file/d/1ke3wVF2QYjQO9Nhm9RlTK6J6y6u8XnZK/view?usp=sharing
87280,How much is your privacy information?,2018,F,https://drive.google.com/file/d/1MdY6XF9khANkg_upFC42enYN-YYlU8zb/view?usp=sharing
88508,A Smart Privacy Commodity: a Quantitative Model of Dynamic Pricing Strategy,2018,F,https://drive.google.com/file/d/1Ng7gIDqNBIH0LJuTMW97D4BcncETDLfk/view?usp=sharing
93036,PIPE: Estimate the Value of Private Information,2018,F,https://drive.google.com/file/d/1nXYO3niAlxBB0YM-N3vmcgf5K8k1cmy3/view?usp=sharing
1902727,Dragon and Ecology,2019,A,https://drive.google.com/file/d/13yh8FZWkIcNB0HiBisKcqlrU4Chj_g_k/view?usp=sharing
1910246,Long May They Reign: How Majestic Dragons Can Survive In The New Realm,2019,A,https://drive.google.com/file/d/16gYOUbVZjntih6zsR-5-yt9JphSzzDxP/view?usp=sharing
1917933,,2019,A,https://drive.google.com/file/d/1iKBGel1J8Ot4RQU__aP6dHYLHrYcCP-G/view?usp=sharing
1919022,Dragons and Ecosystem: 1 + n Meta-population Model,2019,A,https://drive.google.com/file/d/1r6TmeGxmY829mb0Y2J-gguKC0Yma80ed/view?usp=sharing
1924781,Here Be Dragons: The Ecology of Invasive Predators,2019,A,https://drive.google.com/file/d/1o3NJrgUaV_cxp8Rh0Fmr58lPh5445xG6/view?usp=sharing
1926690,Differential Equations and Dragons: Gold Nuggets of Wisdom From The World’s Most Terrifying Role-Playing Game,2019,A,https://drive.google.com/file/d/1oKEnOTbtvZ9i8pTnLzZ0N7Dsg0TBJcDx/view?usp=sharing
1908286,,2019,B,https://drive.google.com/file/d/1KlxzTmwCAhH8Cvs49dDpkUpwuFnQOFl8/view?usp=sharing
1908904,Arrangement for DroneGo,2019,B,https://drive.google.com/file/d/1IaHR8iB-Ury_pDOOhOfqOOLVVAIqGmtl/view?usp=sharing
1915782,Messengers of Hope,2019,B,https://drive.google.com/file/d/1uC9mkZdNHNZfiLgUgNaIBk9B8ehyVo-c/view?usp=sharing
1923964,Go Safe with Drones,2019,B,https://drive.google.com/file/d/1VSd0ztAcsdOXierGMlfBUExmHFkIFiDn/view?usp=sharing
1924588,Multi-Directional Comprehensive Disaster Response System Based on Optimization,2019,B,https://drive.google.com/file/d/1DC6bRhgGWvq0wo3B-EvWvRUylIEpGb3e/view?usp=sharing
1900577,The Gravity of the Opiod Crisis,2019,C,https://drive.google.com/file/d/1ml3S4FnWkBuayuhqX3KCk6NXuQptF7FX/view?usp=sharing
1901213,Take Me Home: Preventing Journeys Down the Opioid Addiction Road,2019,C,https://drive.google.com/file/d/1JXjmH2V8-0TJevy15KQhVFY0GyqEvOEt/view?usp=sharing
1901679,Random Walks and Rehab: Analyzing the Spread of the Opioid Crisis,2019,C,https://drive.google.com/file/d/1nSpu_P8KVrY5dE6C-BOTXYjWMdHA8bD6/view?usp=sharing
1906204,Analysis of the opioid crisis and strategies,2019,C,https://drive.google.com/file/d/1e1Lg9AwWzt-pOMMmRI0EHvk2-TPuKWz4/view?usp=sharing
1909434,,2019,C,https://drive.google.com/file/d/1k4ruOSnHE2EluzSgNg3itmtrQNCglmpm/view?usp=sharing
1922154,"The Current Status, Future and Strategy of Opioid",2019,C,https://drive.google.com/file/d/1hx5oAJbRtn40i0ffOmmLc1ugNTyyC9yH/view?usp=sharing
1900007,Analysis of the Optimal Evacuation Plan Based on 2D and 3D Models,2019,D,https://drive.google.com/file/d/1A9mm8lyJa1dm8W08o-92DOutzEde_VTB/view?usp=sharing
1902407,,2019,D,https://drive.google.com/file/d/1-VKURBAjQg4P75S3LHFdb_hdz1LPzFhg/view?usp=sharing
1908810,Getting a Move On When the Louvre’s Bombed,2019,D,https://drive.google.com/file/d/1zPD7hx1TXWLctX7Dt2Km_QGNn6jE4tDy/view?usp=sharing
1922074,A Model for Determining Evacuation Routes,2019,D,https://drive.google.com/file/d/18xIJ5-AQ4LhqjjA61WTjW-ysGmB2iH9I/view?usp=sharing
1922748,A Systematic Dynamic Route Planning Model,2019,D,https://drive.google.com/file/d/1F4TfsYWD39lbPWVzMKrha0GhoccVL_dO/view?usp=sharing
1923074,Escape the Louvre,2019,D,https://drive.google.com/file/d/1tO9AWDBtnCem9VKcdJXtVx9-Yadcu9Oa/view?usp=sharing
1924801,Time to Leave the Louvre: A Computational Network Analysis,2019,D,https://drive.google.com/file/d/1Th7UlwHgJwDGRYc84r_5stGnnhgE53_m/view?usp=sharing
1902029,Land counts! Better Use & Lower Cost,2019,E,https://drive.google.com/file/d/1TwQ_JZo2L-IRgRNDCRMONDFDoKPO9WoK/view?usp=sharing
1902054,What is the Cost of Environmental Degradation?,2019,E,https://drive.google.com/file/d/1XYEzoTOvpN95wer_dNGRSsrtAvwJSfUo/view?usp=sharing
1902917,Take Environmental Effect into Consideration: Cost Benefit Analysis on Land,2019,E,https://drive.google.com/file/d/1Z5O6CNB5DRw36ukReyfFR2iXKzSMnRLj/view?usp=sharing
1903455,Ecosystem services matters! Sustainability is necessary,2019,E,https://drive.google.com/file/d/1SCzU5CAo6o48x8KromvG8KmqD31kl3PC/view?usp=sharing
1916129,,2019,E,https://drive.google.com/file/d/1q3IM5V5qCtlDHmbIl4DIpk6HkjIEow4H/view?usp=sharing
1916777,Assessment of ecological services,2019,E,https://drive.google.com/file/d/1mc0_JmHV1BXbjipe__IGieefFyhBJCjr/view?usp=sharing
1924813,Ecological Services Valuation Model: Understanding the True Cost of Land-Use Projects,2019,E,https://drive.google.com/file/d/1GE1NU8EQ0lXYQwKgZrM-_xQ_n4TRrqZQ/view?usp=sharing
1926224,Is this a monetary evaluation of ecosystem services?,2019,E,https://drive.google.com/file/d/1JeH5-nJywZmOtgLa3ropDmn4csQMOJcT/view?usp=sharing
1904381,Digital Currency System is Coming,2019,F,https://drive.google.com/file/d/1ZVo4xF8U5AT-T6QqWR-gySRDDBlohASn/view?usp=sharing
1905127,General Digital currency Circulation Model,2019,F,https://drive.google.com/file/d/1vt5g8jA4WxNJ-jiZ12H3u0y2uO0expl5/view?usp=sharing
1916375,the Future is Coming: the Revolution of Currency,2019,F,https://drive.google.com/file/d/1cquvrkSXcTuQ-0AwnqbBTFnfH47d94sK/view?usp=sharing
1916704,A New Era of World Finance:The Strategy For A Global Decentralized Digital Financial Market,2019,F,https://drive.google.com/file/d/1Y5j0NVgwBSnCYQLkWBUkT59qjLcLAaV5/view?usp=sharing
2001334,Forecasts for the Ecology and Fisheries Economy of Scottish herring and mackerel,2020,A,https://drive.google.com/file/d/1Rojse4GsOzJHvh-yAS-z5rir-1k_HoPf/view?usp=drive_link
2002354,Fish Migration Prediction and Fishery Suggestions under Marine Environment Changes,2020,A,https://drive.google.com/file/d/1-us6EiHc10E-MI26iWYGWU4tGSXhZgBg/view?usp=drive_link
2003298,Keeping up with the Migrating Fish,2020,A,https://drive.google.com/file/d/1RpPZG49IR6nYasSx6pWi28-d2nABR7aG/view?usp=drive_link
2003485,Survival or Death: Moving Fish and Fishery,2020,A,https://drive.google.com/file/d/1sW_6TOAyjIy61yQw1E2zPNoe1HvYnXze/view?usp=drive_link
2004833,Analysis and Prediction of Fish Migration via Oceanic Thermal Equilibrium Model,2020,A,https://drive.google.com/file/d/1o0DOsPF0uK_FDLgM0ebc3KwbMgYMrsMc/view?usp=drive_link
2007799,Under Global Warming: Small Scottish Fishing Companies Business Strategies with Species Migration,2020,A,https://drive.google.com/file/d/1cOVdUbSUpagBIMYHW6ZUVpk-Xn7Ezy95/view?usp=drive_link
2017785,,2020,A,https://drive.google.com/file/d/1kN98tfJshTh3GdqZv72cVAE0yrTZQYr5/view?usp=drive_link
2018167,Migration of Herring and Mackerel,2020,A,https://drive.google.com/file/d/1TN89DUjf41LAhb8kGf1rL5UBWvsLRqSh/view?usp=drive_link
2007698,A Simulation Based Assessment of Sandcastle Foundation,2020,B,https://drive.google.com/file/d/1Nm8Htafgh_eob-r2QcCu7ydkdjaAi47c/view?usp=drive_link
2010821,How to build a durable sandcastle foundation?,2020,B,https://drive.google.com/file/d/1eE_e0Y5TgYbL6QA5bubo1JsOfvbPATPN/view?usp=drive_link
2011873,The Longest Lasting Sandcastle,2020,B,https://drive.google.com/file/d/1cBejCUn9yDrwifmyngWRzxUtw3jhnxAo/view?usp=drive_link
2013836,Analytical Shape Design For The Most Durable Sandcastle Foundation,2020,B,https://drive.google.com/file/d/1qQ7x4W_eM_S1I_dqkcGemf0eXwn-opGF/view?usp=drive_link
2019696,Optimal 3D Sandcastle Shape under Erosion,2020,B,https://drive.google.com/file/d/1Wv3Pw8wx1DkK1tpb4rX474s9C-wPgmAZ/view?usp=drive_link
2002116,Riddle of Sphinx: Cracking the Secret of Amazon’s Ratings and Reviews,2020,C,https://drive.google.com/file/d/1MBOlvvv6a5oO-scYxwhXk7aOy2MGSXGZ/view?usp=drive_link
2003717,Beat The Market: Comprehensive Exploration of Amazon Reviews and Ratings,2020,C,https://drive.google.com/file/d/1PuVZpPZgWrpJjGtTNbxW1LSz49fbUwmg/view?usp=drive_link
2004647,Good Morning Sunshine: A Rating and Review Based Analysis,2020,C,https://drive.google.com/file/d/1CD96qk0GaRudebn18VimOsVp8uHl_Ffq/view?usp=drive_link
2007707,Strategies to Online Sales: A Review-tracking System Combined with Deep Learning and Difference Equation Model,2020,C,https://drive.google.com/file/d/1dXZ1qOilFq4Q3tVDp9PE1M8yFkccF0-m/view?usp=drive_link
2009116,Market data tracking measurement based on sentiment analysis model and ARIMA model,2020,C,https://drive.google.com/file/d/1ed95QSZS_ev2c7LAdJdlNlYBMfjaBTtJ/view?usp=drive_link
2010638,Sales Strategy Recommendation Based on Commodity Data Mining,2020,C,https://drive.google.com/file/d/1fC-_9acQHgyyZUkeAZbvIPWxV-jZ7KG8/view?usp=drive_link
2002526,Improving Team Performance During a Football Match,2020,D,https://drive.google.com/file/d/1OapgJMHgdVZOxD0yJoq-2CO-a9-DXmtR/view?usp=drive_link
2003723,Teaming Strategies in Football: Patterns and Effects,2020,D,https://drive.google.com/file/d/188VKKPczCi0AzgPX1NqCtIWXOHJ7gPhs/view?usp=drive_link
2006782,Teaming Wisdom Coming from Soccer Field,2020,D,https://drive.google.com/file/d/13cQecspUx_BBUIOoVos8CmHGUk_uNkbN/view?usp=drive_link
2013140,Make Your Team Stronger: Analysis on Network and Team Performance,2020,D,https://drive.google.com/file/d/1jpccRdovynBdYn2-WFMdqZyvLlgthNYM/view?usp=drive_link
2013245,Analysis Cooperation Structure of Network and Making Teaming Strategies——based on Sliding Window Model,2020,D,https://drive.google.com/file/d/1eCSHJoQEOBiBvPSL2T4ho4gYE4xfLAfJ/view?usp=drive_link
2015044,Teamwork Analysis of Huskies Based on Passing Networks,2020,D,https://drive.google.com/file/d/1Cg0dcdZWQZd6BUPjvfOQj4QgFLJvtCr2/view?usp=drive_link
2022868,"R O C K , PA P E R , S C I S S O R S , S H O O T ! A Network Analysis of Football Playing Styles against Each Other",2020,D,https://drive.google.com/file/d/1iJ_WDIEhOKvN-MxPSiKYJAbDxcVtgmTB/view?usp=drive_link
2008521,Less Waste & better World,2020,E,https://drive.google.com/file/d/1Zqif8CY2a3STEM-Fi4mo2v744A7eFE_0/view?usp=drive_link
2010035,An Integrated Production-Waste-Harm Model Based on Combination Prediction and Dynamic Programming,2020,E,https://drive.google.com/file/d/1gXstm5HKre-6QTNG5ck4oVz1RcS03PvQ/view?usp=drive_link
2016287,Global Disposable Plastic Waste Crisis,2020,E,https://drive.google.com/file/d/1uJSMq_hcS5DQAsBlKLLZQV4gIMBPoTzD/view?usp=drive_link
2017963,,2020,E,https://drive.google.com/file/d/1EE2EF4XZcwoItmqvmtpARcdoWB1bi2aH/view?usp=drive_link
2021103,,2020,E,https://drive.google.com/file/d/1saQDjUE5aykyWQZnH1V6TsgcJJm-Hi55/view?usp=drive_link
2005623,The Wandering Homeland,2020,F,https://drive.google.com/file/d/18DZbB6G4XHrbxFDSRG2SPpcvYXAe6Zf1/view?usp=drive_link
2006291,"NOT ME,US!",2020,F,https://drive.google.com/file/d/11p5Zr_PqOlIMsupqnd-uyeb-wp6N27GA/view?usp=drive_link
2009139,Disaster for Island Country but Games of Big Power: Find new home for EDPs and their culture,2020,F,https://drive.google.com/file/d/1-pLMQEBXNCRR5PGmZNXu_MGcWUE3ckfs/view?usp=drive_link
2013233,,2020,F,https://drive.google.com/file/d/1IOPe4wwu68q8_jAIMPAtZapGhlW5fm_4/view?usp=drive_link
2013733,Comprehensive policy models developed for EDPs,2020,F,https://drive.google.com/file/d/1tqgU_DXUAFKSoye_tX6nQaO84bowdc3m/view?usp=drive_link
2013772,Models for EDPs Relocation and Relative Policies,2020,F,https://drive.google.com/file/d/1S4gPu-a8qzLd6dKopmnZEpoT45emyQ2M/view?usp=drive_link
2100454,GAME: A Seer on Fungi Living Strategies and Biodiversity Based on Gause’s Model,2021,A,https://drive.google.com/file/d/1L07pnllbILnZHwa9eEFBb6FvG2WZ6gOH/view?usp=drive_link
2101951,A Simulation Based Modelling of Multiple Fungal Ecosystems,2021,A,https://drive.google.com/file/d/10oN4d03lGFcI_aqPWuWw7JkRrUgvkkLX/view?usp=drive_link
2103782,Tiny Fungi: The Defender of Carbon Cycle Balance,2021,A,https://drive.google.com/file/d/1iRbysbEYEMSPFLrB77aW2u95A7PZ6B-v/view?usp=drive_link
2110178,Fungi that Change the Earth,2021,A,https://drive.google.com/file/d/1kDWrF4xg4SAu0K-LDgwtwacTG6NhF2mk/view?usp=drive_link
2120808,Cleaner of the Earth: Fungi,2021,A,https://drive.google.com/file/d/1XMDdHdUruowlbTOkUDqO1mqlVNIDckq4/view?usp=drive_link
2122025,Fungal Decomposition Modeling via Stochastic Gradient Descent and Cellular Automata,2021,A,https://drive.google.com/file/d/1XpydqLAxQH0VvON4CcTRdmVgBjZ9EL_Y/view?usp=drive_link
2102199,Build an Army of Drones to Fight Wildfires,2021,B,https://drive.google.com/file/d/1wd2_T0sshPoVIahE-43ErQldz96VOVvk/view?usp=drive_link
2104673,‘Rapid Bushfire Response’ UAV System,2021,B,https://drive.google.com/file/d/1HQOnF4tETArBM12QkZr9psDjFk58nsv0/view?usp=drive_link
2105363,Rapid Bushfire Response for Emergency Response,2021,B,https://drive.google.com/file/d/1DQUy7IThLVwDk2pqfckTHb_VxRef1fGI/view?usp=drive_link
2116496,Drone System VS Wildfire,2021,B,https://drive.google.com/file/d/150sLeN8v3xMM61M_uXWtggCSzERqHtug/view?usp=drive_link
2127300,Rapid Bushfire Response System,2021,B,https://drive.google.com/file/d/1R4D6Pdc52IELGWqO19TXwSDS7AUUJAMN/view?usp=drive_link
2101166,Fight for Washington State: Can Artificial Intelligence Beat the Asian Giant Hornet?,2021,C,https://drive.google.com/file/d/1_q5FzxoxLkrPyWduVVVmjXEvEjs1Mdjd/view?usp=drive_link
2101587,Fighting the Horde: a Comprehensive Model for Monitoring and Controlling Hornet Invasions,2021,C,https://drive.google.com/file/d/1xlWANH5vt_8IjbwSK7jpVMudB_ttc6uu/view?usp=drive_link
2107815,Strategies to Analyze the Invasion of the Vespa Mandarinia: A Comprehensive Three-dimensional Model,2021,C,https://drive.google.com/file/d/1dGtb6PY_9GoJBj_vHH3zV3gIttxuR4WK/view?usp=drive_link
2107870,Swarming with Data: Prioritizing Sightings of Vespa Mandarinia with Semi-Supervised Learning,2021,C,https://drive.google.com/file/d/1Ubk6bO_h06Vs7uulUgBLrpsOS6j-WAQK/view?usp=drive_link
2109298,,2021,C,https://drive.google.com/file/d/1_TboOHHvp3tpBZJwoLq2CubmQmudw4BI/view?usp=drive_link
2123823,Trace the Buzz: A Comprehensive Study on the Reports About Hornets,2021,C,https://drive.google.com/file/d/1Xsa2kxmiDnomAWS933J2KcetKSJaXeFV/view?usp=drive_link
2100112,Music Influence and Evolution Analysis Based on Networks,2021,D,https://drive.google.com/file/d/1IFuEVpx4ubhslqvJ4T-br8zZFWu9DIIC/view?usp=drive_link
2100242,Music Never Gets Old: Study On The Development And Evolution Of Music,2021,D,https://drive.google.com/file/d/144nVrImE2SCU7L_odfRnedT3gbYjZugp/view?usp=drive_link
2101855,Measure of Influence and Similarity in Dynamic Networks of Musicians,2021,D,https://drive.google.com/file/d/1-tc2MYVxVmbE-6PziuUnGhlAYvxjzkHY/view?usp=drive_link
2106028,Mining the Influence of Music Based on Social Network Analysis and Statistical Methods,2021,D,https://drive.google.com/file/d/1u3IkWzMlblly3Jl4disitdSuMpmI-FGa/view?usp=drive_link
2107091,How Does Musical Influence Lead to Musical Revolution?,2021,D,https://drive.google.com/file/d/1BjOADHo7E5NwbX-VAPY06Hp7iI5Yn-cC/view?usp=drive_link
2121604,An Exploration of Music Evolution Based on Influencer Network and Cosine Similarity,2021,D,https://drive.google.com/file/d/1VWb9yiKJMqavJCDCR6s0odDseBcOu3sq/view?usp=drive_link
2124497,How to analyze the music objectively?,2021,D,https://drive.google.com/file/d/132SQy_FSk5Un3-WOKKEBnPaj3NH7P47R/view?usp=drive_link
2124668,S O N I C & I C O N I C: Establishing sound-based genres and using an influence network to discover music revolutions in historical context,2021,D,https://drive.google.com/file/d/1zdhAqCfZcNcN_Fj7I_wg_9B833fUk1_J/view?usp=drive_link
2102057,,2021,E,https://drive.google.com/file/d/1iUzX4rdJzNL810OnSrSkcULQtwLzE_US/view?usp=drive_link
2113869,,2021,E,https://drive.google.com/file/d/1yv26U8dA2p-R18uc8Wslcqvx61OhEsYn/view?usp=drive_link
2119031,Less Hunger & More Peace,2021,E,https://drive.google.com/file/d/1QUOVlvNE3GAYYxWH5Mjs7PVJO6HEfYRa/view?usp=drive_link
2119893,Cost-benefit Analysis: A Food System optimized for Equity and Efficiency,2021,E,https://drive.google.com/file/d/1s9AbJ4lF3MUrwtL7213P_7G4WAmdmewl/view?usp=drive_link
2122175,A comprehensive evaluation model of food system,2021,E,https://drive.google.com/file/d/1g3G2ZbhAEh3D194KDFcSONENwa_o1PRd/view?usp=drive_link
2102185,Crosswise and Vertical Contrast Models,2021,F,https://drive.google.com/file/d/1zzPtrAuH6cVrakBjwNZGOqQP5OFz8rBm/view?usp=drive_link
2103649,Health Status and Treatment Plan: A Physical Examination Report for Higher Education in Different Countries,2021,F,https://drive.google.com/file/d/17JMEDgMnklpd3zFoOqs7JhELISEP-50C/view?usp=drive_link
2106074,"Do a ""physical examination"" for the country's higher education",2021,F,https://drive.google.com/file/d/1-0uffbiLsDye2OTi8gmNBMhwNCC2LPRJ/view?usp=drive_link
2109443,"Diagnosis and Treatment for Higher Education: Toward (1,1)",2021,F,https://drive.google.com/file/d/1cBFxw7_7WggKAQwS7QfhQjVtt6meEzn7/view?usp=drive_link
2122374,,2021,F,https://drive.google.com/file/d/1FWTl0OajfK1JoQ8hEm_egQFxGVaemmIb/view?usp=drive_link
2123945,Health Assessment of Higher Education System in Three-dimensions,2021,F,https://drive.google.com/file/d/1FtK7un4VxXkskpVmws0vAuw5zavUUofr/view?usp=drive_link
2200289,Game Theory in Cycling,2022,A,https://drive.google.com/file/d/1i5WMnAhk403TqKURXmkUjvY3AVqPuM0J/view?usp=drive_link
2207343,Optimal Power Allocation − Ride to The Future,2022,A,https://drive.google.com/file/d/1cqTcZDRq7N1_YzhRQKRE1NKT0io7MeST/view?usp=drive_link
2209466,Optimal Power Distribution of a Cyclist,2022,A,https://drive.google.com/file/d/1vZUkWaaPEgZuaj6nmmP0_EDXOO2UN8la/view?usp=drive_link
2209812,Power Curve Make Cyclists Faster and Faster,2022,A,https://drive.google.com/file/d/1BBA2R9kxILicK8bL9MrJRR-EPhlolZHS/view?usp=drive_link
2210307,Power Planning Model: Magic Weapon for Cyclists,2022,A,https://drive.google.com/file/d/1TZgovf4exiRYYPbO6zCll6ELSIHpFqsu/view?usp=drive_link
2212245,How to Ride a Cycling Time Trial,2022,A,https://drive.google.com/file/d/1RsIkfHT1gmRk35lvwNad6DEvMo4D9mP5/view?usp=drive_link
2216547,"Optimal Cycling Solution Based on Physiology, Newtonian Mechanics and Dynamic Programming",2022,A,https://drive.google.com/file/d/14gwt2ITN-yoxR30VCFg-k97KF7Qr9fXm/view?usp=drive_link
2200084,A Model for Better Use of Water Resources Based on Marginal Utility and Auction Theory,2022,B,https://drive.google.com/file/d/1dzIw2p0n-aHtlWGV1M8aABr4pPeJxcAc/view?usp=drive_link
2202748,Salvation in an Age of Water Scarcity,2022,B,https://drive.google.com/file/d/1jpKn4THWWJtHjosevTCXIS43XDVL_1IV/view?usp=drive_link
2207864,Water and Hydroelectric Power Sharing,2022,B,https://drive.google.com/file/d/1dmIfQAxlFjVrxSHHDHll8Lv1fiRFhD1u/view?usp=drive_link
2211922,Reservoir Management: The Art of Proper Allocation,2022,B,https://drive.google.com/file/d/1qCoHjJXr-e8PwdBXNxAe07DqarRjoLpe/view?usp=drive_link
2213970,Decision System for Optimizing Water Allocation,2022,B,https://drive.google.com/file/d/1f2zVNZAS_-tYrpaX9S2zComPDsovjvQb/view?usp=drive_link
2228168,A Two-Stage Water Resource Optimal Operation Model Based on Genetic Algorithm,2022,B,https://drive.google.com/file/d/18Htsl7WZlVSR9mz7UzoS6GQEdVkfbUwp/view?usp=drive_link
2200401,Grid the profit: Adaptive Periodic Grid Model with ARIMA Prediction,2022,C,https://drive.google.com/file/d/19e2R9rk-R4LgPQFuhH-11dkMyhzNrh8N/view?usp=drive_link
2200688,PADRRI: Prediction And Decision Models For Best Return And Risk With High Interpretability,2022,C,https://drive.google.com/file/d/1qXNMcu7DHrZthjxtewYJkXKE8TtWrF9e/view?usp=drive_link
2203120,Trading Strategy Model Based on Dynamic Programming,2022,C,https://drive.google.com/file/d/1FfOQMwLgne5eQjLr1zYhWLqBTnGIwo0F/view?usp=drive_link
2204883,Gold Strategy for Gold & Bitcoin traders,2022,C,https://drive.google.com/file/d/18xzBW-uFqss54vkKVovNsBmD9hZEKlom/view?usp=drive_link
2208834,An Improved Pairs Trading Strategy Based on Cointegration of Gold and Bitcoin,2022,C,https://drive.google.com/file/d/1RPbcgEwngri_tReb1oufITGAIZ64aYFN/view?usp=drive_link
2212336,"The Queen of Strategy: The Road to Counterattack With $1,000",2022,C,https://drive.google.com/file/d/1EKMZRLo-uVDc4Z97EQzjDJuae3GMv9Sj/view?usp=drive_link
2218743,Gold-Bitcoin Market Portfolio Investment Strategy Model and Its Application,2022,C,https://drive.google.com/file/d/1pk9NNBQf1IGCv7za1XbiEtCWMc2MKoKl/view?usp=drive_link
2218931,Finding the Best Strategy with Quantitative Models,2022,C,https://drive.google.com/file/d/1127BnzwfTPi1VgRupBREyXHwfRF2JO6q/view?usp=drive_link
2224507,Trading strategies based on voting systems,2022,C,https://drive.google.com/file/d/1SMw_vZ_45eTaf3TRngIG5jkDrayA7jet/view?usp=drive_link
2229059,Day Trading in Bitcoin and Gold,2022,C,https://drive.google.com/file/d/1Mw-0RfXrq9iYelIjKqzAyCr5lQv3NKNt/view?usp=drive_link
2208928,A Maturity Evaluation Model of D&A Systems,2022,D,https://drive.google.com/file/d/146COQsiXMPeN_df5MwmnrCafhkADu0UX/view?usp=drive_link
2215444,How Can We Realize the Full Potential of Our Data?,2022,D,https://drive.google.com/file/d/1QYvbibtV5tDkGZrWqMP6E58TqfY9O0_N/view?usp=drive_link
2218897,Towards the Evaluation and Analysis of the D&A System from an Innovative Perspective,2022,D,https://drive.google.com/file/d/1-ldqnIMilDE760l9PTfhKYnWgr67lbQd/view?usp=drive_link
2224178,Voice of Logistics: Focus on Data Governance,2022,D,https://drive.google.com/file/d/1LbVYttBVhViTnd5Qzbhc29IpIgAHmP7_/view?usp=drive_link
2202171,Better Strategy: Carbon Sequestration by Forests Logging,2022,E,https://drive.google.com/file/d/171IFnFjwD-6cIH5u9Iizuj2COx62keE6/view?usp=drive_link
2202666,"To Cut or not to Cut, that is the Question",2022,E,https://drive.google.com/file/d/1hkf9fSEwcuXsHwecAeuTzTgN1kBMfJ81/view?usp=drive_link
2202838,What a Forest Management Plan!,2022,E,https://drive.google.com/file/d/1XEluqagxDuEJjNvTkV9WxknFD94F0LMG/view?usp=drive_link
2203489,To cut or not to cut? Optional forest management plan,2022,E,https://drive.google.com/file/d/1J_cwl1LHEWtAPxibF2P9Zt6dgY7adajM/view?usp=drive_link
2209336,E^3 − M Model for Forest Management Plans,2022,E,https://drive.google.com/file/d/1_fYK9ZqtuVSVY1Kv6bd2Z43kS5TWPzXL/view?usp=drive_link
2216618,,2022,E,https://drive.google.com/file/d/1rSDFHdurk9scyz6VxHsEgbhqaVdzdgZh/view?usp=drive_link
2218144,Chasing Better Forest Management Strategies,2022,E,https://drive.google.com/file/d/1qkugZ-0iWZtt_kvZ7ZWRbFHaRjS2vFTI/view?usp=drive_link
2220714,Forests Need to be Harvested,2022,E,https://drive.google.com/file/d/1pIQ69DUk_0Hq50ie7q_dfFsj5XXKmf0I/view?usp=drive_link
2223269,,2022,E,https://drive.google.com/file/d/1Rge0mS2HebYpNWRgLIsAoUKO0MFT7C5_/view?usp=drive_link
2223495,"Letting ""Carbon"" Stay: Forest Management for Ecological-Economic Balance in the Perspective of Carbon Sequestration",2022,E,https://drive.google.com/file/d/1_cwt0r3LgVSQaWcAN1tgPk1EgtRPatoY/view?usp=drive_link
2204803,Space For Global Equity,2022,F,https://drive.google.com/file/d/1Qfj2fBz1l6EyOe2jg48-dFGn5z2mlWKV/view?usp=drive_link
2208238,"One Space for All, All for an Equitable World!",2022,F,https://drive.google.com/file/d/1Ieb8t34ZNVpTcf9LVRWtwdJCzMsBga09/view?usp=drive_link
2209952,"The Coming Asteroids Mining, the Future Global Equity",2022,F,https://drive.google.com/file/d/1Yu4yHvVgywPVxziiANMXs8-xHHsd2VDB/view?usp=drive_link
2211240,Together for a Shared World,2022,F,https://drive.google.com/file/d/1fnwrQwpv0I4UatVuCKI-fRgkft6yk5i2/view?usp=drive_link
2218577,Will Asteroid Mining Affect Global Equity? Mathematical Modelling Based on Data from 32 Countries,2022,F,https://drive.google.com/file/d/1LDIvC0IAomKY8upLnnoskj8uVewSrmKa/view?usp=drive_link
2220722,Evaluation of Global Equity and Asteroid Mining Effects,2022,F,https://drive.google.com/file/d/1Wct-HoiXg70fcTq55wWZRN0ehZLMd_tT/view?usp=drive_link
2224021,Harvest in Space! Outlook & Equity,2022,F,https://drive.google.com/file/d/1OpdOdLhHhRyMK9EUMnJKjXiS972FwLX9/view?usp=drive_link
2300661,The Comprehensive Prediction Model for Drought-Striken Plant Communities,2023,A,https://drive.google.com/file/d/1MlylsQFCecGYET0h89pJq8cNGhbZJQKs/view?usp=sharing
2300336,Community Succession Simulation: Surviving Drought,2023,A,https://drive.google.com/file/d/1Hq7bzbCtCYcXelaCyplHelWrehLeL-WB/view?usp=sharing
2303950,A Methodology to Simulate Drought-Stricken Plant Communities,2023,A,https://drive.google.com/file/d/1RL6Ds8GBAoE0sB98Q_MJa1853QHgdw1J/view?usp=sharing
2309229,The Warriors against Drought: Plant Communities,2023,A,https://drive.google.com/file/d/1JU64v_oQujP86tlV_vv8x92wnk8Q_QoJ/view?usp=sharing
2316994,Dry or Die? Drought-Stricken Plant Communities Can Survive!,2023,A,https://drive.google.com/file/d/1-aWSJnWptta7DKohAuJ653M1X_hx93Xa/view?usp=sharing
2321860,Drought Tolerance of a Plant Community under Multi-species Interaction,2023,A,https://drive.google.com/file/d/1t2Hd3ipHc0is87D9fyd-OWuV7MmVbxIg/view?usp=sharing
2322687,Is There Space for More? A Spatiotemporal Partial Differential Equations Model for Plant Growth During Drought Cycles,2023,A,https://drive.google.com/file/d/1Fg8DqV894_jKf0oCCZAayDA1qnG26JAA/view?usp=sharing
2300136,From Poachers to Conservationists: Community-Based Wildlife Preservation in Maasai Mara,2023,B,https://drive.google.com/file/d/19U1o9J-pHcGU3oqUBwORswH8UAJPN2BM/view?usp=sharing
2315379,Build a common paradise for humans and wildlife in the Maasai Mara,2023,B,https://drive.google.com/file/d/1RIFGnJ4-VRJEbNcQ69hWnjovCmm-yoTQ/view?usp=sharing
2318300,"The Preservation Equation: A Mathematical Approach to Sustaining the Maasai Mara Preserve’s Ecosystem, Economy, and Communities",2023,B,https://drive.google.com/file/d/1cvG-5pkaij9Yq_guZ_FyYRW1oL5E95mV/view?usp=sharing
2301192,Crack the Wordle Puzzle: Word Attribute Analysis Approaches,2023,C,https://drive.google.com/file/d/1LefNmXRc8lOfx1h9c3QIH7sIwxo6319I/view?usp=sharing
2307166,Viral Spread Characteristics and Difficulty Determinants of Wordle Modeling Based on Differential Equations and K-nearest Neighbors,2023,C,https://drive.google.com/file/d/1yH96iPu86tWqS5_PrBH1RARpIgYTYAH3/view?usp=sharing
2307946,Words Behind Wordle: Puzzle Game Analysis Using Machine Learning and Time Series Theory,2023,C,https://drive.google.com/file/d/1F6OWY8EHMnGeE24RubMVVudmbG6sW4wc/view?usp=sharing
2309397,Uncover the Hidden Secrets in Wordle Results,2023,C,https://drive.google.com/file/d/1-r_NJiCMrvOG_eVumC3MdLC87-yrj4We/view?usp=sharing
2310767,Uncover the Puzzle of Words : Evidence from Wordle,2023,C,https://drive.google.com/file/d/1RYHGlkOSDJDiqff-vNg5eOHqjLnnvk6Q/view?usp=sharing
2311035,Winners in Wordle,2023,C,https://drive.google.com/file/d/1a-NFaymRNzy7ESdbMFAw45_-rLMAWch3/view?usp=sharing
2311717,Riddle of Wordle: Mining the Secret of Number Scores & Solution Words,2023,C,https://drive.google.com/file/d/1Ng2ZIclaor3dQvqu7oGFXup82yEm8pzr/view?usp=sharing
2314151,Breaking the Wordle,2023,C,https://drive.google.com/file/d/11TxO0n777Us9uxWrOHLX7_UWjOX15L56/view?usp=sharing
2318036,Exploring Wordle: Insights into Puzzle Solving and Tweet Shares Pattern,2023,C,https://drive.google.com/file/d/1Tx02XSnBMYgyOda1EyDTau01tNq66fPy/view?usp=sharing
2318982,Wordle: One Letter Makes a Difference,2023,C,https://drive.google.com/file/d/1XKUnVLErQuIaHW740XOBfxxoz9Ggm5df/view?usp=sharing
2322645,How many Wordle words will Wordle guessers guess if Wordle’s Wednesday Wordle word is “Eerie”?,2023,C,https://drive.google.com/file/d/10e2kida6zYNwh-yC-2Ftd1xENO3ApV5u/view?usp=sharing
2300229,Methods of Measuring Priority via Graph Models: Who Is the Top 1?,2023,D,https://drive.google.com/file/d/1xgZVJK5gDyUxrzLNhAySVmCMBnSvGksD/view?usp=sharing
2303967,DIGNP: Dynamic Indicator-Goal Network for Prioritization,2023,D,https://drive.google.com/file/d/1rNjvCYQWmoryHdUZloc4hu5m9o6xD1bA/view?usp=sharing
2304962,Connecting the Dots: Unpacking the Network Systems of SDGs,2023,D,https://drive.google.com/file/d/1SEb27ECkAxJ9goA2zPTtw4pavlSk9Dfa/view?usp=sharing
2310776,The Intricate Layers of the UN Sustainable Development Goals,2023,D,https://drive.google.com/file/d/1QvySQc6GRcjTOssixSZ6WRal6kGWaogc/view?usp=sharing
2301428,Recast Mystletainn to Fight the Artificial God of Light,2023,E,https://drive.google.com/file/d/1YYrMzDvKaJ6cWh9fIlBib-SSpLOP5QHu/view?usp=sharing
2305598,"Turn out the Lights, Turn up the Stars",2023,E,https://drive.google.com/file/d/1TqoGyKHw3YeVc_81LlidhuBurq29n8iL/view?usp=sharing
2307336,"Protect the Night, Control the Light!",2023,E,https://drive.google.com/file/d/1tPRDKduUHURELIUqrejjiGFTBEOcd-nj/view?usp=sharing
2308000,"The brighter the light, the deeper the shadows",2023,E,https://drive.google.com/file/d/1IXNLmYfI9WBnNdCSfQWcwauIfTbEeT-p/view?usp=sharing
2312411,Evaluation and Optimization of Light Pollution Based on EWM-TOPSIS,2023,E,https://drive.google.com/file/d/1sBYmpJYXmqS5yJ31FOsc_MRLSlRkkmlc/view?usp=sharing
2314354,Local Light Pollution Analysis: A Multi-layer Evaluation Model,2023,E,https://drive.google.com/file/d/1bFtjkEvG2a5AVKMIPQA5ztgpx9SQmPNu/view?usp=sharing
2314817,"Turn off the lights, Turn on the stars!",2023,E,https://drive.google.com/file/d/1-547hGz2_BJHJlx4h3CB92zvXGlnJKhP/view?usp=sharing
2320131,Less Light Pollution & Brighter Starry Sky,2023,E,https://drive.google.com/file/d/16Siamjj6R0kywdKiUoO00sWQ1LleKD1a/view?usp=sharing
2305794,Beyond GDP: Green GDP Revolution Leading the Way to a Sustainable Future,2023,F,https://drive.google.com/file/d/1K1odqzI-Z4Nlq4f67_UCEoqLmitD8eSC/view?usp=sharing
2311258,"""Green"" GDP,Green planet",2023,F,https://drive.google.com/file/d/1mfqG7XOKx63C12aBrUA_7bPZldjJG2B7/view?usp=sharing
2311517,Towards a Greener Climate -- Analysis Based on 4M System,2023,F,https://drive.google.com/file/d/1lgV2HwL2SsIbSGLSOWJ6QkvpsE1ZKWeP/view?usp=sharing
2315018,Green GDP: Unraveling the Diverse Challenges and Opportunities for a Sustainable Future,2023,F,https://drive.google.com/file/d/1UKWgJdEp6T0CJuW7_YAyp9vAgYUItY7W/view?usp=sharing
2330646,Set the Sail: Pricing of Used Sailboats,2023,Y,https://drive.google.com/file/d/1c736q2YwZ4KjkE1F0jUXge1Aa5RxMWrr/view?usp=sharing
2332142,Used sailboats pricing – sail the profit up,2023,Y,https://drive.google.com/file/d/1x4nRdtgG33Erdq2MuSmRMD7VAs66cssp/view?usp=sharing
2330003,Reviving Olympic Hosting Interest: A Sustainable Strategy,2023,Z,https://drive.google.com/file/d/1BdCsnGOs0Psp_DF9OhtGZBsETILESi_O/view?usp=sharing
2330610,Rotate the Olympics into a Better Future,2023,Z,https://drive.google.com/file/d/1Veby6HYul80Z655xLNbOlmC_fZk-NKcM/view?usp=sharing
2330760,Save the Future of the Olympics,2023,Z,https://drive.google.com/file/d/10sJw7Gb7nokFa3AUP4hK1X7XzC5pvxlO/view?usp=sharing
2400996,Adaptive Sex of Lamprey: gift or curse?,2024,A,https://drive.google.com/file/d/1CkDcC16dgBSqBkMivHJtpYqv_gTSNGTk/view?usp=sharing
2424371,Magic Sex Ratio : Exploring the Important Role of Lampreys in the Ecosystem,2024,A,https://drive.google.com/file/d/1l9-ixHed4iJTw9NOUHcpsbgXUP_Pv7uq/view?usp=sharing
2405424,Lamprey: a Vivid Example of the Doctrine of the Mean,2024,A,https://drive.google.com/file/d/1py5dwExnuOBtvcJ5UOLonZFpY5Bf6SEA/view?usp=sharing
2407093,Coexist or Extinct? Relationship between Lampreys and Environment,2024,A,https://drive.google.com/file/d/1s0Vxr321w2QhhXC0WPQ0gelPBwGyilBq/view?usp=sharing
2425397,Population analysis of lampreys: a discrete population dynamics model based on age grouping,2024,A,https://drive.google.com/file/d/19vSMjLonV5mB5lgcbxC4lKMCTmHApQrE/view?usp=sharing
2407038,Unlocking the Abyss: A Dynamical Model for Deep-Sea Adventure Safety and Rescue Strategies,2024,B,https://drive.google.com/file/d/1UrVSlPiv3yhOw1STCX7DZDrU-eAk4gCo/view?usp=sharing
2411570,From Lost to Found: Roam in the Ionian Sea,2024,B,https://drive.google.com/file/d/1VR1vlipnARMmbVDuuUzF_nTddCJ-RrCZ/view?usp=sharing
2419984,Time is Life: Precise Localization and Faster Search,2024,B,https://drive.google.com/file/d/1JsFuAEDWeqWnaQ7iOgrqngy1IG8iCTQ9/view?usp=sharing
2425792,Save the Submersible: An Combined Method of Computational Fluid Dynamics and Kalman Filter,2024,B,https://drive.google.com/file/d/1Wl0UhHNlCWVXEsflOx5Nru4OndMLJPLM/view?usp=sharing
2401298,Momentum Exists In Tennis Game As Residual Effect - A Dual-Temporal Bayesian Network Model,2024,C,https://drive.google.com/file/d/1Bmh64ejewKW3BkkBBDWnU-8_hjY2Emfd/view?usp=sharing
2401445,Unveiling the Dynamics of Tennis,2024,C,https://drive.google.com/file/d/1CkgECDNQIM9tjJpznkpl23XpbgDrra2B/view?usp=sharing
2401919,Harnessing the Power of Momentum: How to Dominate a Tennis Match?,2024,C,https://drive.google.com/file/d/1JZAW2zAl3Jrs6_zsuyxkQqJCeMX1nVkv/view?usp=sharing
2403774,Uncovering the Hidden Momentum: A Data-Science Exploration of Tennis Match Dynamics,2024,C,https://drive.google.com/file/d/177oQIC0cMv4CKUjGqlq8o-yBdl-dWeTv/view?usp=sharing
2406176,,2024,C,https://drive.google.com/file/d/1lxtFUUSIkG59NOvHcaPWqt2MRrHjlYyh/view?usp=sharing
2406324,Command the Flow: Analysis and Prediction of Momentum in Tennis Matches,2024,C,https://drive.google.com/file/d/1Kd4beP5R9HaYmo0acxRerRNNQHHxfmJy/view?usp=sharing
2409404,Riding the Momentum,2024,C,https://drive.google.com/file/d/1WNx2CUTlMqf-lGBVuEOHDTnMzvqMNreR/view?usp=sharing
2409961,Momentum Prediction and Core Feature Extraction Based on GRU with Integrated Gradients,2024,C,https://drive.google.com/file/d/12CxWjbi3OQGeY-9tHC24qFqHLXfZGGxG/view?usp=sharing
2410482,,2024,C,https://drive.google.com/file/d/1u9gy_P1rQuoSGVkJLkFrUDXeR00vnlbl/view?usp=sharing
2418251,Momentum: Powerful Magic for Winning,2024,C,https://drive.google.com/file/d/14esRNCjglsQK2PTRsP1dv06XZRx9Ws6G/view?usp=sharing
2425454,Changing Tides: Momentum Swings in Tennis,2024,C,https://drive.google.com/file/d/1IQ8ubI5L6wnMNuwdWHmpYpPdFStbN-J3/view?usp=sharing
2417004,Regulating the Water of Tomorrow: A Multi-Layer Optimization Model for the Great Lakes,2024,D,https://drive.google.com/file/d/11NcF2r033MBJg2ouwNiA0g7CCfqz_whq/view?usp=sharing
2417831,Harmony of the Great Lakes: A Water Level Balance Approach,2024,D,https://drive.google.com/file/d/1HaWLMRj6HPmKilfBvfYfS3lKwRHhdiTc/view?usp=sharing
2419588,Optimizing Great Lakes Water Management: An Adaptive Hydrological Network Approach,2024,D,https://drive.google.com/file/d/1LSDx2VnWEPQH9K1I4VQBdXX9o6OiAgCH/view?usp=sharing
2429211,"Dynamic Dams Model: A Multigranular, Human-Centered Approach For Modeling Water In The Great Lakes",2024,D,https://drive.google.com/file/d/1cEP4iaMnAbQ2jveb6jtgHXWZImwaZzQ8/view?usp=sharing
2400860,Veils of Uncertainty: Weaving Risk into the Tapestry of Preservation Under the Weather's Watch,2024,E,https://drive.google.com/file/d/1A72upfUwl5RxGGergSrv-iUlhllYqLcl/view?usp=sharing
2401102,In Face of Increasingly Severe Extreme Weather: Sustainable Property Insurance under Risk,2024,E,https://drive.google.com/file/d/1LJ56o1CSWKix-B5vtyyZzV2rNkMxutfv/view?usp=sharing
2407414,Navigating the Climate Labyrinth: A Dual Approach to Insurance Resilience and Landmark Defense,2024,E,https://drive.google.com/file/d/1bPa9iJEK9qzfrjyqtujosznwagYPC22q/view?usp=sharing
2410578,"Insured Properties, Assisted Developers and Protected Landmarks",2024,E,https://drive.google.com/file/d/1ioGgiXmDhK3zCKrQGV5v85_WCevzSQcR/view?usp=sharing
2410889,Find a Home for Your Property,2024,E,https://drive.google.com/file/d/1RdU93qrtDMtA0d49uyxUStBSRgiHLbfS/view?usp=sharing
2413552,Sustainability Study of the Property Insurance Industry Under Extreme Weather Conditions,2024,E,https://drive.google.com/file/d/1jRNbdLoJbvKe2l-T7Yvv1OIssfC4Dl3i/view?usp=sharing
2409949,Roaring Silence: Can We Break the Chains of Illegal Wildlife Trade?,2024,F,https://drive.google.com/file/d/1yXn9vPVzKtThYwHsomk7TRctQTyE_fMp/view?usp=sharing
2413565,Technique Innovations Terminating Illegal Wildlife Trade,2024,F,https://drive.google.com/file/d/1m9Ghg4ZBXd2C7DG1NknKHkEsAjUQRfiF/view?usp=sharing
2417340,Network Collaboration: Data-driven reduction of illegal wildlife trade,2024,F,https://drive.google.com/file/d/1dsS0uUDhdQmKhOZME9rOgLfRAr6RzaCz/view?usp=sharing
2422054,Illegal Wildlife Trade: A Model-Based Solution for Tanzania,2024,F,https://drive.google.com/file/d/1YsXaiIwWdi7pIY4LA2FAOBsE5F06vpaY/view?usp=sharing
2426941,Hope's Horizon: Turning the Trend on Illegal Wildlife Trade,2024,F,https://drive.google.com/file/d/1tO_ZGQYdGooA0OrTp2AbkVTq7Yy2apjV/view?usp=sharing